{"episode_idx":206,"task_id":3,"seed":248,"split":"train","batch":{"gstin":"30KYMFM1254L2ZJ","tax_period":"2024-10","invoices":[],"true_section_values":{"3.1a":2574357.06,"3.1b":71226.75,"3.1c":112399.33,"3.1d":49982.38,"4a":322668.65,"4b":19071.22,"6.1":463384.27,"6.2":231692.14,"6.3":231692.14,"net_payable":623171.12,"total_itc":303597.43000000005},"eligible_itc":303597.43000000005,"mismatches":[],"ground_truth":{},"supplier_profiles":{}}}