{"episode_idx":338,"task_id":3,"seed":380,"split":"train","batch":{"gstin":"34DUKVW2525OAZ7","tax_period":"2024-07","invoices":[],"true_section_values":{"3.1a":1696729.23,"3.1b":94286.6,"3.1c":68729.05,"3.1d":91747.15,"4a":456729.97,"4b":42461.58,"6.1":305411.26,"6.2":152705.63,"6.3":152705.63,"net_payable":196554.13,"total_itc":414268.38999999996},"eligible_itc":414268.38999999996,"mismatches":[],"ground_truth":{},"supplier_profiles":{}}}