{"episode_idx":509,"task_id":3,"seed":551,"split":"train","batch":{"gstin":"17QWGFJ4859FDZX","tax_period":"2024-11","invoices":[],"true_section_values":{"3.1a":3215124.81,"3.1b":102268.98,"3.1c":13077.36,"3.1d":542.13,"4a":376798.77,"4b":12743.91,"6.1":578722.47,"6.2":289361.23,"6.3":289361.23,"net_payable":793390.07,"total_itc":364054.86000000004},"eligible_itc":364054.86000000004,"mismatches":[],"ground_truth":{},"supplier_profiles":{}}}