{"episode_idx":623,"task_id":3,"seed":665,"split":"train","batch":{"gstin":"17QNJMX8666FEZE","tax_period":"2023-02","invoices":[],"true_section_values":{"3.1a":3871085.88,"3.1b":53916.12,"3.1c":191701.21,"3.1d":70622.86,"4a":266619.33,"4b":13048.46,"6.1":696795.46,"6.2":348397.73,"6.3":348397.73,"net_payable":1140020.05,"total_itc":253570.87000000002},"eligible_itc":253570.87000000002,"mismatches":[],"ground_truth":{},"supplier_profiles":{}}}