{"episode_idx":671,"task_id":3,"seed":713,"split":"train","batch":{"gstin":"13QJRRG6990Q4ZI","tax_period":"2023-04","invoices":[],"true_section_values":{"3.1a":3970635.32,"3.1b":391015.71,"3.1c":36948.97,"3.1d":3065.05,"4a":137001.76,"4b":8486.17,"6.1":714714.36,"6.2":357357.18,"6.3":357357.18,"net_payable":1300913.13,"total_itc":128515.59000000001},"eligible_itc":128515.59000000001,"mismatches":[],"ground_truth":{},"supplier_profiles":{}}}