{"episode_idx":722,"task_id":3,"seed":764,"split":"train","batch":{"gstin":"33RBXQW5120ECZG","tax_period":"2024-06","invoices":[],"true_section_values":{"3.1a":2390183.57,"3.1b":28354.59,"3.1c":41164.15,"3.1d":68619.24,"4a":190613.6,"4b":5980.49,"6.1":430233.04,"6.2":215116.52,"6.3":215116.52,"net_payable":675832.97,"total_itc":184633.11000000002},"eligible_itc":184633.11000000002,"mismatches":[],"ground_truth":{},"supplier_profiles":{}}}