{"episode_idx":713,"task_id":3,"seed":755,"split":"train","batch":{"gstin":"32NIBPZ2707U7ZY","tax_period":"2024-05","invoices":[],"true_section_values":{"3.1a":1862410.49,"3.1b":162072.02,"3.1c":42474.51,"3.1d":46491.03,"4a":119330.56,"4b":6801.96,"6.1":335233.89,"6.2":167616.94,"6.3":167616.94,"net_payable":557939.17,"total_itc":112528.59999999999},"eligible_itc":112528.59999999999,"mismatches":[],"ground_truth":{},"supplier_profiles":{}}}