{"episode_idx":410,"task_id":3,"seed":452,"split":"train","batch":{"gstin":"11JRHCC9958QDZ7","tax_period":"2024-01","invoices":[],"true_section_values":{"3.1a":4989198.56,"3.1b":246874.96,"3.1c":69458.27,"3.1d":26731.42,"4a":229971.89,"4b":6917.08,"6.1":898055.74,"6.2":449027.87,"6.3":449027.87,"net_payable":1573056.67,"total_itc":223054.81000000003},"eligible_itc":223054.81000000003,"mismatches":[],"ground_truth":{},"supplier_profiles":{}}}