{"episode_idx":452,"task_id":3,"seed":494,"split":"train","batch":{"gstin":"21PVVDA8449NDZR","tax_period":"2023-07","invoices":[],"true_section_values":{"3.1a":2286259.86,"3.1b":91004.97,"3.1c":61164.85,"3.1d":45968.17,"4a":231354.61,"4b":13144.57,"6.1":411526.77,"6.2":205763.39,"6.3":205763.39,"net_payable":604843.51,"total_itc":218210.03999999998},"eligible_itc":218210.03999999998,"mismatches":[],"ground_truth":{},"supplier_profiles":{}}}