{"episode_idx":98,"task_id":3,"seed":140,"split":"train","batch":{"gstin":"27WAATR2593U7ZL","tax_period":"2024-01","invoices":[],"true_section_values":{"3.1a":4519742.87,"3.1b":103976.84,"3.1c":42839.73,"3.1d":83955.67,"4a":362574.79,"4b":33972.76,"6.1":813553.72,"6.2":406776.86,"6.3":406776.86,"net_payable":1298505.41,"total_itc":328602.02999999997},"eligible_itc":328602.02999999997,"mismatches":[],"ground_truth":{},"supplier_profiles":{}}}