{"episode_idx":560,"task_id":3,"seed":602,"split":"train","batch":{"gstin":"13ENHSM9150O0Z7","tax_period":"2024-04","invoices":[],"true_section_values":{"3.1a":3828712.37,"3.1b":120634.66,"3.1c":45001.54,"3.1d":14005.35,"4a":110146.74,"4b":2742.06,"6.1":689168.23,"6.2":344584.11,"6.3":344584.11,"net_payable":1270931.77,"total_itc":107404.68000000001},"eligible_itc":107404.68000000001,"mismatches":[],"ground_truth":{},"supplier_profiles":{}}}