{"episode_idx":779,"task_id":3,"seed":821,"split":"train","batch":{"gstin":"19QMTYC0669I5ZF","tax_period":"2024-08","invoices":[],"true_section_values":{"3.1a":1997377.0,"3.1b":62135.25,"3.1c":94125.81,"3.1d":33734.77,"4a":474780.39,"4b":37569.67,"6.1":359527.86,"6.2":179763.93,"6.3":179763.93,"net_payable":281845.0,"total_itc":437210.72000000003},"eligible_itc":437210.72000000003,"mismatches":[],"ground_truth":{},"supplier_profiles":{}}}