{"episode_idx":353,"task_id":3,"seed":395,"split":"train","batch":{"gstin":"12IYZXP6393D7ZU","tax_period":"2023-05","invoices":[],"true_section_values":{"3.1a":2929628.57,"3.1b":155728.2,"3.1c":84285.48,"3.1d":80773.29,"4a":125276.18,"4b":9141.3,"6.1":527333.14,"6.2":263666.57,"6.3":263666.57,"net_payable":938531.4,"total_itc":116134.87999999999},"eligible_itc":116134.87999999999,"mismatches":[],"ground_truth":{},"supplier_profiles":{}}}