{"episode_idx":347,"task_id":3,"seed":389,"split":"train","batch":{"gstin":"22ZJUOG7337C8ZB","tax_period":"2023-01","invoices":[],"true_section_values":{"3.1a":3255988.21,"3.1b":323618.15,"3.1c":155970.06,"3.1d":45687.89,"4a":484969.92,"4b":35906.71,"6.1":586077.88,"6.2":293038.94,"6.3":293038.94,"net_payable":723092.55,"total_itc":449063.20999999996},"eligible_itc":449063.20999999996,"mismatches":[],"ground_truth":{},"supplier_profiles":{}}}