{"episode_idx":65,"task_id":3,"seed":107,"split":"train","batch":{"gstin":"08QTSLT9451J0ZB","tax_period":"2023-12","invoices":[],"true_section_values":{"3.1a":3467974.64,"3.1b":320966.97,"3.1c":146572.97,"3.1d":19034.47,"4a":458134.26,"4b":16258.97,"6.1":624235.44,"6.2":312117.72,"6.3":312117.72,"net_payable":806595.59,"total_itc":441875.29000000004},"eligible_itc":441875.29000000004,"mismatches":[],"ground_truth":{},"supplier_profiles":{}}}