{"episode_idx":224,"task_id":3,"seed":266,"split":"train","batch":{"gstin":"36BRCTO4991ECZV","tax_period":"2023-10","invoices":[],"true_section_values":{"3.1a":4872358.01,"3.1b":486925.99,"3.1c":33913.24,"3.1d":97310.28,"4a":66592.31,"4b":2725.76,"6.1":877024.44,"6.2":438512.22,"6.3":438512.22,"net_payable":1690182.33,"total_itc":63866.549999999996},"eligible_itc":63866.549999999996,"mismatches":[],"ground_truth":{},"supplier_profiles":{}}}