{"episode_idx":539,"task_id":3,"seed":581,"split":"train","batch":{"gstin":"23AHXSO2508I1ZR","tax_period":"2024-10","invoices":[],"true_section_values":{"3.1a":3541915.52,"3.1b":97033.6,"3.1c":27941.72,"3.1d":4847.69,"4a":70383.38,"4b":7032.98,"6.1":637544.79,"6.2":318772.4,"6.3":318772.4,"net_payable":1211739.19,"total_itc":63350.40000000001},"eligible_itc":63350.40000000001,"mismatches":[],"ground_truth":{},"supplier_profiles":{}}}