{"episode_idx":230,"task_id":3,"seed":272,"split":"train","batch":{"gstin":"16JQMJR2699F7Z1","tax_period":"2023-04","invoices":[],"true_section_values":{"3.1a":1382017.02,"3.1b":18644.03,"3.1c":54369.84,"3.1d":51558.97,"4a":487060.46,"4b":35044.35,"6.1":248763.06,"6.2":124381.53,"6.3":124381.53,"net_payable":45510.01,"total_itc":452016.11000000004},"eligible_itc":452016.11000000004,"mismatches":[],"ground_truth":{},"supplier_profiles":{}}}