{"episode_idx":257,"task_id":3,"seed":299,"split":"train","batch":{"gstin":"12PELNU8337V1ZV","tax_period":"2023-12","invoices":[],"true_section_values":{"3.1a":2615271.85,"3.1b":173092.21,"3.1c":114894.63,"3.1d":91306.22,"4a":289021.29,"4b":28438.41,"6.1":470748.93,"6.2":235374.47,"6.3":235374.47,"net_payable":680914.99,"total_itc":260582.87999999998},"eligible_itc":260582.87999999998,"mismatches":[],"ground_truth":{},"supplier_profiles":{}}}