{"episode_idx":431,"task_id":3,"seed":473,"split":"train","batch":{"gstin":"11IASTH9840F6ZW","tax_period":"2024-08","invoices":[],"true_section_values":{"3.1a":1704179.56,"3.1b":157989.99,"3.1c":42355.08,"3.1d":65928.65,"4a":177735.33,"4b":5130.64,"6.1":306752.32,"6.2":153376.16,"6.3":153376.16,"net_payable":440899.95,"total_itc":172604.68999999997},"eligible_itc":172604.68999999997,"mismatches":[],"ground_truth":{},"supplier_profiles":{}}}