{"episode_idx":149,"task_id":3,"seed":191,"split":"train","batch":{"gstin":"27NOYNU7601B7ZY","tax_period":"2024-06","invoices":[],"true_section_values":{"3.1a":2414336.41,"3.1b":13063.68,"3.1c":9755.26,"3.1d":22573.6,"4a":182662.64,"4b":15716.28,"6.1":434580.55,"6.2":217290.28,"6.3":217290.28,"net_payable":702214.75,"total_itc":166946.36000000002},"eligible_itc":166946.36000000002,"mismatches":[],"ground_truth":{},"supplier_profiles":{}}}