{"episode_idx":461,"task_id":3,"seed":503,"split":"train","batch":{"gstin":"06DSJDQ0418X9Z5","tax_period":"2024-07","invoices":[],"true_section_values":{"3.1a":4838912.69,"3.1b":18846.04,"3.1c":21230.23,"3.1d":75808.25,"4a":284308.96,"4b":24273.72,"6.1":871004.28,"6.2":435502.14,"6.3":435502.14,"net_payable":1481973.32,"total_itc":260035.24000000002},"eligible_itc":260035.24000000002,"mismatches":[],"ground_truth":{},"supplier_profiles":{}}}