{"episode_idx":632,"task_id":3,"seed":674,"split":"train","batch":{"gstin":"13CZXQE3078TEZS","tax_period":"2023-07","invoices":[],"true_section_values":{"3.1a":1306624.49,"3.1b":25525.5,"3.1c":53845.88,"3.1d":78192.18,"4a":232169.9,"4b":23143.23,"6.1":235192.41,"6.2":117596.2,"6.3":117596.2,"net_payable":261358.14,"total_itc":209026.66999999998},"eligible_itc":209026.66999999998,"mismatches":[],"ground_truth":{},"supplier_profiles":{}}}