{"episode_idx":242,"task_id":3,"seed":284,"split":"train","batch":{"gstin":"02VJWHN1103E1ZE","tax_period":"2023-04","invoices":[],"true_section_values":{"3.1a":3553860.03,"3.1b":182005.51,"3.1c":51953.97,"3.1d":83412.28,"4a":437678.8,"4b":21985.21,"6.1":639694.81,"6.2":319847.4,"6.3":319847.4,"net_payable":863696.02,"total_itc":415693.58999999997},"eligible_itc":415693.58999999997,"mismatches":[],"ground_truth":{},"supplier_profiles":{}}}