{"episode_idx":86,"task_id":3,"seed":128,"split":"train","batch":{"gstin":"36WKJMZ3565R5Z9","tax_period":"2023-02","invoices":[],"true_section_values":{"3.1a":633038.75,"3.1b":48151.22,"3.1c":3890.07,"3.1d":83405.51,"4a":340002.64,"4b":31531.73,"6.1":113946.97,"6.2":56973.49,"6.3":56973.49,"net_payable":0.0,"total_itc":308470.91000000003},"eligible_itc":308470.91000000003,"mismatches":[],"ground_truth":{},"supplier_profiles":{}}}