{"episode_idx":551,"task_id":3,"seed":593,"split":"train","batch":{"gstin":"34IIURM7974A3ZB","tax_period":"2023-07","invoices":[],"true_section_values":{"3.1a":4626521.74,"3.1b":127005.74,"3.1c":49306.14,"3.1d":21054.43,"4a":239421.25,"4b":19363.83,"6.1":832773.91,"6.2":416386.96,"6.3":416386.96,"net_payable":1445490.41,"total_itc":220057.41999999998},"eligible_itc":220057.41999999998,"mismatches":[],"ground_truth":{},"supplier_profiles":{}}}