{"episode_idx":137,"task_id":3,"seed":179,"split":"train","batch":{"gstin":"33WDBXH8582S4ZL","tax_period":"2024-06","invoices":[],"true_section_values":{"3.1a":2965770.99,"3.1b":216457.51,"3.1c":19111.62,"3.1d":88293.41,"4a":318624.91,"4b":21363.27,"6.1":533838.78,"6.2":266919.39,"6.3":266919.39,"net_payable":770415.92,"total_itc":297261.63999999996},"eligible_itc":297261.63999999996,"mismatches":[],"ground_truth":{},"supplier_profiles":{}}}