{"episode_idx":605,"task_id":3,"seed":647,"split":"train","batch":{"gstin":"33ROQWL3422H5ZV","tax_period":"2024-10","invoices":[],"true_section_values":{"3.1a":4808561.93,"3.1b":426687.12,"3.1c":1473.56,"3.1d":25397.01,"4a":209823.13,"4b":6766.55,"6.1":865541.15,"6.2":432770.57,"6.3":432770.57,"net_payable":1528025.71,"total_itc":203056.58000000002},"eligible_itc":203056.58000000002,"mismatches":[],"ground_truth":{},"supplier_profiles":{}}}