{"episode_idx":116,"task_id":3,"seed":158,"split":"train","batch":{"gstin":"22YFVBO9740D1Z4","tax_period":"2024-01","invoices":[],"true_section_values":{"3.1a":755002.64,"3.1b":65115.65,"3.1c":24690.92,"3.1d":81579.59,"4a":173662.26,"4b":6333.68,"6.1":135900.48,"6.2":67950.24,"6.3":67950.24,"net_payable":104472.38,"total_itc":167328.58000000002},"eligible_itc":167328.58000000002,"mismatches":[],"ground_truth":{},"supplier_profiles":{}}}