{"episode_idx":317,"task_id":3,"seed":359,"split":"train","batch":{"gstin":"03YKMOT7560G1Z3","tax_period":"2023-12","invoices":[],"true_section_values":{"3.1a":4420461.75,"3.1b":64863.43,"3.1c":128131.79,"3.1d":72160.44,"4a":351096.85,"4b":17639.96,"6.1":795683.11,"6.2":397841.56,"6.3":397841.56,"net_payable":1257909.34,"total_itc":333456.88999999996},"eligible_itc":333456.88999999996,"mismatches":[],"ground_truth":{},"supplier_profiles":{}}}