{"episode_idx":731,"task_id":3,"seed":773,"split":"train","batch":{"gstin":"06MJIML1024EAZ8","tax_period":"2023-02","invoices":[],"true_section_values":{"3.1a":1578669.84,"3.1b":145707.08,"3.1c":55114.49,"3.1d":61413.49,"4a":423370.48,"4b":12669.15,"6.1":284160.57,"6.2":142080.29,"6.3":142080.29,"net_payable":157619.82,"total_itc":410701.32999999996},"eligible_itc":410701.32999999996,"mismatches":[],"ground_truth":{},"supplier_profiles":{}}}