{"episode_idx":428,"task_id":3,"seed":470,"split":"train","batch":{"gstin":"02SENUW4134K1ZB","tax_period":"2024-12","invoices":[],"true_section_values":{"3.1a":2126025.15,"3.1b":51172.44,"3.1c":33485.0,"3.1d":5337.94,"4a":487680.27,"4b":13438.47,"6.1":382684.53,"6.2":191342.26,"6.3":191342.26,"net_payable":291127.25,"total_itc":474241.80000000005},"eligible_itc":474241.80000000005,"mismatches":[],"ground_truth":{},"supplier_profiles":{}}}