{"episode_idx":44,"task_id":3,"seed":86,"split":"train","batch":{"gstin":"29UOZTT7737M2ZG","tax_period":"2023-07","invoices":[],"true_section_values":{"3.1a":2571963.82,"3.1b":149400.59,"3.1c":97668.77,"3.1d":20845.31,"4a":77992.6,"4b":7082.93,"6.1":462953.49,"6.2":231476.74,"6.3":231476.74,"net_payable":854997.3,"total_itc":70909.67000000001},"eligible_itc":70909.67000000001,"mismatches":[],"ground_truth":{},"supplier_profiles":{}}}