{"episode_idx":344,"task_id":3,"seed":386,"split":"train","batch":{"gstin":"20HKLBN7822S4ZX","tax_period":"2024-08","invoices":[],"true_section_values":{"3.1a":4987706.39,"3.1b":166525.56,"3.1c":246809.02,"3.1d":18324.18,"4a":368415.23,"4b":34378.28,"6.1":897787.15,"6.2":448893.58,"6.3":448893.58,"net_payable":1461537.36,"total_itc":334036.94999999995},"eligible_itc":334036.94999999995,"mismatches":[],"ground_truth":{},"supplier_profiles":{}}}