{"episode_idx":512,"task_id":3,"seed":554,"split":"train","batch":{"gstin":"17IWYJQ0793F1ZR","tax_period":"2024-11","invoices":[],"true_section_values":{"3.1a":780234.99,"3.1b":73095.21,"3.1c":18872.26,"3.1d":58239.88,"4a":447589.28,"4b":14918.93,"6.1":140442.3,"6.2":70221.15,"6.3":70221.15,"net_payable":0.0,"total_itc":432670.35000000003},"eligible_itc":432670.35000000003,"mismatches":[],"ground_truth":{},"supplier_profiles":{}}}