{"episode_idx":755,"task_id":3,"seed":797,"split":"train","batch":{"gstin":"33PKCPN6234Z2ZQ","tax_period":"2024-06","invoices":[],"true_section_values":{"3.1a":4164344.99,"3.1b":410997.54,"3.1c":175868.93,"3.1d":9466.8,"4a":403129.22,"4b":35399.44,"6.1":749582.1,"6.2":374791.05,"6.3":374791.05,"net_payable":1131434.42,"total_itc":367729.77999999997},"eligible_itc":367729.77999999997,"mismatches":[],"ground_truth":{},"supplier_profiles":{}}}