{"episode_idx":479,"task_id":3,"seed":521,"split":"train","batch":{"gstin":"04AIKSW1331U6Z6","tax_period":"2024-05","invoices":[],"true_section_values":{"3.1a":2982242.56,"3.1b":10907.04,"3.1c":110350.49,"3.1d":33738.73,"4a":109146.79,"4b":9627.6,"6.1":536803.66,"6.2":268401.83,"6.3":268401.83,"net_payable":974088.13,"total_itc":99519.18999999999},"eligible_itc":99519.18999999999,"mismatches":[],"ground_truth":{},"supplier_profiles":{}}}