{"episode_idx":521,"task_id":3,"seed":563,"split":"train","batch":{"gstin":"17TUQEV0321TBZF","tax_period":"2024-05","invoices":[],"true_section_values":{"3.1a":526966.79,"3.1b":9978.84,"3.1c":25259.22,"3.1d":66109.57,"4a":263818.67,"4b":25482.73,"6.1":94854.02,"6.2":47427.01,"6.3":47427.01,"net_payable":0.0,"total_itc":238335.93999999997},"eligible_itc":238335.93999999997,"mismatches":[],"ground_truth":{},"supplier_profiles":{}}}