{"episode_idx":578,"task_id":3,"seed":620,"split":"train","batch":{"gstin":"08LMPRT7291B2ZX","tax_period":"2024-04","invoices":[],"true_section_values":{"3.1a":2097222.34,"3.1b":139728.57,"3.1c":28561.93,"3.1d":80317.47,"4a":275595.39,"4b":24293.68,"6.1":377500.02,"6.2":188750.01,"6.3":188750.01,"net_payable":503698.33,"total_itc":251301.71000000002},"eligible_itc":251301.71000000002,"mismatches":[],"ground_truth":{},"supplier_profiles":{}}}