{"episode_idx":320,"task_id":3,"seed":362,"split":"train","batch":{"gstin":"27ZNXYN3669Y5ZO","tax_period":"2024-05","invoices":[],"true_section_values":{"3.1a":2512988.83,"3.1b":240920.11,"3.1c":71725.92,"3.1d":22844.41,"4a":150334.26,"4b":5570.74,"6.1":452337.99,"6.2":226168.99,"6.3":226168.99,"net_payable":759912.45,"total_itc":144763.52000000002},"eligible_itc":144763.52000000002,"mismatches":[],"ground_truth":{},"supplier_profiles":{}}}