{"episode_idx":746,"task_id":3,"seed":788,"split":"train","batch":{"gstin":"19MVVEW1213UAZ8","tax_period":"2023-07","invoices":[],"true_section_values":{"3.1a":4238603.16,"3.1b":96057.8,"3.1c":198736.01,"3.1d":56855.41,"4a":482197.09,"4b":43273.42,"6.1":762948.57,"6.2":381474.28,"6.3":381474.28,"net_payable":1086973.46,"total_itc":438923.67000000004},"eligible_itc":438923.67000000004,"mismatches":[],"ground_truth":{},"supplier_profiles":{}}}