{"episode_idx":308,"task_id":3,"seed":350,"split":"train","batch":{"gstin":"33JEVIJ2794W3Z4","tax_period":"2024-08","invoices":[],"true_section_values":{"3.1a":1561960.74,"3.1b":118384.74,"3.1c":22715.57,"3.1d":38420.15,"4a":449360.16,"4b":42157.89,"6.1":281152.93,"6.2":140576.47,"6.3":140576.47,"net_payable":155103.6,"total_itc":407202.26999999996},"eligible_itc":407202.26999999996,"mismatches":[],"ground_truth":{},"supplier_profiles":{}}}