{"episode_idx":653,"task_id":3,"seed":695,"split":"train","batch":{"gstin":"11ZGWOS8134X0ZA","tax_period":"2023-07","invoices":[],"true_section_values":{"3.1a":3279499.14,"3.1b":88828.81,"3.1c":63689.64,"3.1d":78789.17,"4a":133314.55,"4b":9095.13,"6.1":590309.85,"6.2":295154.92,"6.3":295154.92,"net_payable":1056400.27,"total_itc":124219.41999999998},"eligible_itc":124219.41999999998,"mismatches":[],"ground_truth":{},"supplier_profiles":{}}}