{"episode_idx":161,"task_id":3,"seed":203,"split":"train","batch":{"gstin":"03BMYAZ9220H6ZW","tax_period":"2023-12","invoices":[],"true_section_values":{"3.1a":4540108.18,"3.1b":53316.31,"3.1c":126401.98,"3.1d":99130.47,"4a":207726.55,"4b":8499.16,"6.1":817219.47,"6.2":408609.74,"6.3":408609.74,"net_payable":1435211.56,"total_itc":199227.38999999998},"eligible_itc":199227.38999999998,"mismatches":[],"ground_truth":{},"supplier_profiles":{}}}