{"episode_idx":14,"task_id":3,"seed":56,"split":"train","batch":{"gstin":"36WAQHO9706KAZE","tax_period":"2024-10","invoices":[],"true_section_values":{"3.1a":1432475.7,"3.1b":108731.57,"3.1c":15106.19,"3.1d":92965.86,"4a":300643.46,"4b":15264.3,"6.1":257845.63,"6.2":128922.81,"6.3":128922.81,"net_payable":230312.09,"total_itc":285379.16000000003},"eligible_itc":285379.16000000003,"mismatches":[],"ground_truth":{},"supplier_profiles":{}}}