{"episode_idx":602,"task_id":3,"seed":644,"split":"train","batch":{"gstin":"16IXPPX5234YAZB","tax_period":"2024-06","invoices":[],"true_section_values":{"3.1a":3617290.91,"3.1b":356152.51,"3.1c":31945.86,"3.1d":51449.42,"4a":442081.66,"4b":29466.09,"6.1":651112.36,"6.2":325556.18,"6.3":325556.18,"net_payable":889609.15,"total_itc":412615.56999999995},"eligible_itc":412615.56999999995,"mismatches":[],"ground_truth":{},"supplier_profiles":{}}}