{"episode_idx":626,"task_id":3,"seed":668,"split":"train","batch":{"gstin":"15DLAEA1778WDZO","tax_period":"2024-03","invoices":[],"true_section_values":{"3.1a":2338455.8,"3.1b":153556.46,"3.1c":97389.29,"3.1d":74348.49,"4a":385302.22,"4b":31605.19,"6.1":420922.04,"6.2":210461.02,"6.3":210461.02,"net_payable":488147.05,"total_itc":353697.02999999997},"eligible_itc":353697.02999999997,"mismatches":[],"ground_truth":{},"supplier_profiles":{}}}