{"episode_idx":47,"task_id":3,"seed":89,"split":"train","batch":{"gstin":"03TSGIB8326K2ZL","tax_period":"2023-08","invoices":[],"true_section_values":{"3.1a":3286871.12,"3.1b":73357.82,"3.1c":95997.41,"3.1d":85321.34,"4a":74040.22,"4b":3400.68,"6.1":591636.8,"6.2":295818.4,"6.3":295818.4,"net_payable":1112634.06,"total_itc":70639.54000000001},"eligible_itc":70639.54000000001,"mismatches":[],"ground_truth":{},"supplier_profiles":{}}}