{"episode_idx":617,"task_id":3,"seed":659,"split":"train","batch":{"gstin":"24HMAEY2330M8Z3","tax_period":"2024-08","invoices":[],"true_section_values":{"3.1a":2104629.94,"3.1b":191454.02,"3.1c":55423.42,"3.1d":64686.41,"4a":422052.7,"4b":41294.29,"6.1":378833.39,"6.2":189416.69,"6.3":189416.69,"net_payable":376908.36,"total_itc":380758.41000000003},"eligible_itc":380758.41000000003,"mismatches":[],"ground_truth":{},"supplier_profiles":{}}}