{"episode_idx":164,"task_id":3,"seed":206,"split":"train","batch":{"gstin":"01CZFDF2391Q4ZO","tax_period":"2023-12","invoices":[],"true_section_values":{"3.1a":1597598.83,"3.1b":151549.46,"3.1c":34571.5,"3.1d":66394.73,"4a":268469.35,"4b":7929.6,"6.1":287567.79,"6.2":143783.89,"6.3":143783.89,"net_payable":314595.82,"total_itc":260539.74999999997},"eligible_itc":260539.74999999997,"mismatches":[],"ground_truth":{},"supplier_profiles":{}}}