{"episode_idx":323,"task_id":3,"seed":365,"split":"train","batch":{"gstin":"22HSDPN5612D1ZY","tax_period":"2023-08","invoices":[],"true_section_values":{"3.1a":4421873.07,"3.1b":389250.95,"3.1c":28022.24,"3.1d":33322.21,"4a":67843.17,"4b":2415.91,"6.1":795937.15,"6.2":397968.58,"6.3":397968.58,"net_payable":1526447.05,"total_itc":65427.259999999995},"eligible_itc":65427.259999999995,"mismatches":[],"ground_truth":{},"supplier_profiles":{}}}