{"episode_idx":380,"task_id":3,"seed":422,"split":"train","batch":{"gstin":"13HINBF8429B8ZS","tax_period":"2024-09","invoices":[],"true_section_values":{"3.1a":4137557.34,"3.1b":161274.85,"3.1c":199775.37,"3.1d":24073.86,"4a":106545.82,"4b":10651.12,"6.1":744760.32,"6.2":372380.16,"6.3":372380.16,"net_payable":1393625.94,"total_itc":95894.70000000001},"eligible_itc":95894.70000000001,"mismatches":[],"ground_truth":{},"supplier_profiles":{}}}