{"episode_idx":464,"task_id":3,"seed":506,"split":"train","batch":{"gstin":"27UGOXU7816L8Z3","tax_period":"2023-02","invoices":[],"true_section_values":{"3.1a":4980495.92,"3.1b":396890.88,"3.1c":213364.22,"3.1d":12741.94,"4a":329914.34,"4b":25605.29,"6.1":896489.27,"6.2":448244.63,"6.3":448244.63,"net_payable":1488669.48,"total_itc":304309.05000000005},"eligible_itc":304309.05000000005,"mismatches":[],"ground_truth":{},"supplier_profiles":{}}}