{"episode_idx":488,"task_id":3,"seed":530,"split":"train","batch":{"gstin":"33ITOFP0310REZ9","tax_period":"2024-12","invoices":[],"true_section_values":{"3.1a":3919231.08,"3.1b":310803.48,"3.1c":158076.3,"3.1d":67936.24,"4a":204954.62,"4b":4451.98,"6.1":705461.59,"6.2":352730.8,"6.3":352730.8,"net_payable":1210420.55,"total_itc":200502.63999999998},"eligible_itc":200502.63999999998,"mismatches":[],"ground_truth":{},"supplier_profiles":{}}}