{"episode_idx":500,"task_id":3,"seed":542,"split":"train","batch":{"gstin":"16CKEPD2897V3Z2","tax_period":"2023-03","invoices":[],"true_section_values":{"3.1a":970450.64,"3.1b":59548.07,"3.1c":41684.7,"3.1d":80704.33,"4a":247490.45,"4b":13966.96,"6.1":174681.12,"6.2":87340.56,"6.3":87340.56,"net_payable":115838.75,"total_itc":233523.49000000002},"eligible_itc":233523.49000000002,"mismatches":[],"ground_truth":{},"supplier_profiles":{}}}