{"episode_idx":557,"task_id":3,"seed":599,"split":"train","batch":{"gstin":"23ADLBH8901W5ZC","tax_period":"2023-10","invoices":[],"true_section_values":{"3.1a":1944798.47,"3.1b":123821.6,"3.1c":6634.75,"3.1d":18166.21,"4a":392070.23,"4b":8332.71,"6.1":350063.72,"6.2":175031.86,"6.3":175031.86,"net_payable":316389.92,"total_itc":383737.51999999996},"eligible_itc":383737.51999999996,"mismatches":[],"ground_truth":{},"supplier_profiles":{}}}