{"episode_idx":656,"task_id":3,"seed":698,"split":"train","batch":{"gstin":"32UJMKD9187E8ZI","tax_period":"2023-05","invoices":[],"true_section_values":{"3.1a":610140.07,"3.1b":39262.23,"3.1c":27987.92,"3.1d":60986.25,"4a":383016.32,"4b":27742.41,"6.1":109825.21,"6.2":54912.61,"6.3":54912.61,"net_payable":0.0,"total_itc":355273.91000000003},"eligible_itc":355273.91000000003,"mismatches":[],"ground_truth":{},"supplier_profiles":{}}}