{"episode_idx":62,"task_id":3,"seed":104,"split":"train","batch":{"gstin":"36AFUKA1891E2ZH","tax_period":"2023-11","invoices":[],"true_section_values":{"3.1a":3890735.69,"3.1b":143470.03,"3.1c":11839.56,"3.1d":20306.71,"4a":165611.68,"4b":16365.23,"6.1":700332.42,"6.2":350166.21,"6.3":350166.21,"net_payable":1251418.39,"total_itc":149246.44999999998},"eligible_itc":149246.44999999998,"mismatches":[],"ground_truth":{},"supplier_profiles":{}}}