{"episode_idx":716,"task_id":3,"seed":758,"split":"train","batch":{"gstin":"11BVVGT4578A7ZG","tax_period":"2024-11","invoices":[],"true_section_values":{"3.1a":1498462.73,"3.1b":41555.52,"3.1c":58523.85,"3.1d":17493.03,"4a":129499.07,"4b":11159.98,"6.1":269723.29,"6.2":134861.65,"6.3":134861.65,"net_payable":421107.5,"total_itc":118339.09000000001},"eligible_itc":118339.09000000001,"mismatches":[],"ground_truth":{},"supplier_profiles":{}}}