{"episode_idx":392,"task_id":3,"seed":434,"split":"train","batch":{"gstin":"12BFNHE7330Z1Z0","tax_period":"2024-02","invoices":[],"true_section_values":{"3.1a":987394.48,"3.1b":17533.83,"3.1c":10696.73,"3.1d":83595.75,"4a":480243.24,"4b":45481.96,"6.1":177731.01,"6.2":88865.5,"6.3":88865.5,"net_payable":0.0,"total_itc":434761.27999999997},"eligible_itc":434761.27999999997,"mismatches":[],"ground_truth":{},"supplier_profiles":{}}}