{"episode_idx":68,"task_id":3,"seed":110,"split":"train","batch":{"gstin":"34ZUPKS6655X1ZH","tax_period":"2023-09","invoices":[],"true_section_values":{"3.1a":4605812.71,"3.1b":69290.51,"3.1c":145609.99,"3.1d":52865.49,"4a":241283.68,"4b":16215.98,"6.1":829046.29,"6.2":414523.14,"6.3":414523.14,"net_payable":1433024.87,"total_itc":225067.69999999998},"eligible_itc":225067.69999999998,"mismatches":[],"ground_truth":{},"supplier_profiles":{}}}