{"episode_idx":299,"task_id":3,"seed":341,"split":"train","batch":{"gstin":"19HZWAO6283HDZJ","tax_period":"2023-12","invoices":[],"true_section_values":{"3.1a":4553129.54,"3.1b":178140.81,"3.1c":182687.84,"3.1d":78984.71,"4a":347175.78,"4b":24357.91,"6.1":819563.32,"6.2":409781.66,"6.3":409781.66,"net_payable":1316308.77,"total_itc":322817.87000000005},"eligible_itc":322817.87000000005,"mismatches":[],"ground_truth":{},"supplier_profiles":{}}}