{"episode_idx":284,"task_id":3,"seed":326,"split":"train","batch":{"gstin":"04MBMBQ6351C6ZX","tax_period":"2023-12","invoices":[],"true_section_values":{"3.1a":3999818.84,"3.1b":123823.37,"3.1c":56869.1,"3.1d":4527.95,"4a":266807.61,"4b":13811.13,"6.1":719967.39,"6.2":359983.7,"6.3":359983.7,"net_payable":1186938.31,"total_itc":252996.47999999998},"eligible_itc":252996.47999999998,"mismatches":[],"ground_truth":{},"supplier_profiles":{}}}