{"episode_idx":677,"task_id":3,"seed":719,"split":"train","batch":{"gstin":"09ZCEHV4366U9ZR","tax_period":"2024-10","invoices":[],"true_section_values":{"3.1a":2332789.91,"3.1b":58314.96,"3.1c":65404.14,"3.1d":2563.03,"4a":217484.08,"4b":11272.79,"6.1":419902.18,"6.2":209951.09,"6.3":209951.09,"net_payable":633593.07,"total_itc":206211.28999999998},"eligible_itc":206211.28999999998,"mismatches":[],"ground_truth":{},"supplier_profiles":{}}}