{"episode_idx":437,"task_id":3,"seed":479,"split":"train","batch":{"gstin":"34UKNNW6187F2ZV","tax_period":"2023-03","invoices":[],"true_section_values":{"3.1a":543238.81,"3.1b":5345.57,"3.1c":4379.08,"3.1d":71334.11,"4a":110631.08,"4b":2266.79,"6.1":97782.99,"6.2":48891.49,"6.3":48891.49,"net_payable":87201.68,"total_itc":108364.29000000001},"eligible_itc":108364.29000000001,"mismatches":[],"ground_truth":{},"supplier_profiles":{}}}