{"episode_idx":743,"task_id":3,"seed":785,"split":"train","batch":{"gstin":"17CEYSZ1753I7Z1","tax_period":"2024-11","invoices":[],"true_section_values":{"3.1a":4646947.96,"3.1b":338926.5,"3.1c":16114.44,"3.1d":5598.34,"4a":229780.36,"4b":20102.2,"6.1":836450.63,"6.2":418225.32,"6.3":418225.32,"net_payable":1463223.11,"total_itc":209678.15999999997},"eligible_itc":209678.15999999997,"mismatches":[],"ground_truth":{},"supplier_profiles":{}}}